{
	"class_name" : "PinholeCameraParameters",
	"extrinsic" : 
	[
		0.94740223565826398,
		0.13812313209948671,
		0.28870573989574794,
		0.0,
		-0.076966938610632279,
		0.97393280646061942,
		-0.213379893290462,
		0.0,
		-0.31065269068628826,
		0.17993579098881227,
		0.93333703285072744,
		0.0,
		0.039067229224654249,
		0.16929237553494583,
		0.43508371246546063,
		1.0
	],
	"intrinsic" : 
	{
		"height" : 720,
		"intrinsic_matrix" : 
		[
			623.53829072479584,
			0.0,
			0.0,
			0.0,
			623.53829072479584,
			0.0,
			639.5,
			359.5,
			1.0
		],
		"width" : 1280
	},
	"version_major" : 1,
	"version_minor" : 0
}